County name,Q4-1995,Q1-1996,Q2-1996,Q3-1996,Q4-1996,Q1-1997,Q2-1997,Q3-1997,Q4-1997,Q1-1998,Q2-1998,Q3-1998,Q4-1998,Q1-1999,Q2-1999,Q3-1999,Q4-1999,Q1-2000,Q2-2000,Q3-2000,Q4-2000,Q1-2001,Q2-2001,Q3-2001,Q4-2001,Q1-2002,Q2-2002,Q3-2002,Q4-2002,Q1-2003,Q2-2003,Q3-2003,Q4-2003,Q1-2004,Q2-2004,Q3-2004,Q4-2004,Q1-2005,Q2-2005,Q3-2005,Q4-2005,Q1-2006,Q2-2006,Q3-2006,Q4-2006,Q1-2007,Q2-2007,Q3-2007,Q4-2007,Q1-2008,Q2-2008,Q3-2008,Q4-2008,Q1-2009,Q2-2009,Q3-2009,Q4-2009,Q1-2010,Q2-2010,Q3-2010,Q4-2010,Q1-2011,Q2-2011,Q3-2011,Q4-2011,Q1-2012,Q2-2012,Q3-2012,Q4-2012,Q1-2013,Q2-2013,Q3-2013,Q4-2013,Q1-2014,Q2-2014,Q3-2014,Q4-2014,Q1-2015,Q2-2015,Q3-2015,Q4-2015,Q1-2016,Q2-2016,Q3-2016,,,,,,,,,,,,,,,,,,,,,,,,,,,,,,,,,,,,,,,,,,,,,,,,,,,,,,,,,,,,,,,,,,,,,,,,,,,,,,,,,,,,,,,,,,,,,,,,,,,,,,,,,,,,,,,,,,,,,,,,,,,,,,,,,,,,,,,,,,,,,,,,,,,,,,,,,,,,,,,,,,,,,,,,
Buckinghamshire,110569.1951,110325.4499,110977.0276,111701.4616,112480.731,114863.1413,117620.6893,121163.7076,125543.5939,128320.75,133671.8071,138104.5981,142137.8178,145706.8788,149628.916,154821.8912,158900.025,162581.1981,168663.5382,176693.7831,185478.5992,190595.6446,196285.2923,201287.1256,203326.1272,205495.2219,210840.7715,219327.7457,229791.7195,237497.2747,245706.2831,253733.5783,255890.6312,258916.5228,262877.1848,271299.9742,279033.6023,283751.1799,289130.9962,288422.5301,290722.4566,293555.0894,296846.5033,305691.3244,311419.7031,315755.8949,324121.1788,333607.1649,344821.0758,351296.3629,358706.6995,360859.1157,356627.8027,348641.9891,333438.6037,325471.8567,322268.1937,332900.3956,342803.2449,353770.3838,363448.3909,361752.4868,360881.8557,360832.3904,357654.3006,354163.2882,355381.267,358367.0276,359649.0101,362674.5306,365411.6677,362480.6412,368134.5219,375019.2405,375892.5137,387810.8765,395311.8287,395638.9985,404365.2642,408335.687,417276.4081,426953.9264,430983.6254,440358.9602,,,,,,,,,,,,,,,,,,,,,,,,,,,,,,,,,,,,,,,,,,,,,,,,,,,,,,,,,,,,,,,,,,,,,,,,,,,,,,,,,,,,,,,,,,,,,,,,,,,,,,,,,,,,,,,,,,,,,,,,,,,,,,,,,,,,,,,,,,,,,,,,,,,,,,,,,,,,,,,,,,,,,,,,
Cambridgeshire,71838.85025,71925.1684,72265.50694,72901.59658,73339.62776,74157.79093,75852.38009,78188.3105,80764.93447,82625.77908,84014.46437,86140.20846,87822.62342,89216.04229,91867.68679,94788.15685,96963.09249,99548.76154,103085.8056,107671.6116,112951.5874,116005.0426,119456.9497,124157.1396,127816.9191,130978.852,135707.4655,142324.0486,148660.8234,153355.2086,160234.0155,167483.3648,172593.2336,175574.0394,179628.8886,183180.6265,186954.9388,191427.5593,194920.5968,198720.0057,200743.7884,201455.8092,204414.3425,208543.5666,212490.6592,215876.0536,218985.6963,223763.7221,227965.5101,231406.534,234969.8634,234417.2786,229364.6575,223146.2002,217356.9552,217125.4828,217471.9683,223598.817,227801.3605,232799.6164,239842.4502,238552.9326,238898.4262,236710.0381,235795.0281,233138.3574,233788.1252,235400.8404,237056.9989,243815.0949,245151.3197,249276.4281,252117.516,253084.3499,258875.6074,264325.0348,271006.0142,277522.6335,281613.4132,290858.3986,299264.4803,303477.1669,307650.9524,306264.6025,,,,,,,,,,,,,,,,,,,,,,,,,,,,,,,,,,,,,,,,,,,,,,,,,,,,,,,,,,,,,,,,,,,,,,,,,,,,,,,,,,,,,,,,,,,,,,,,,,,,,,,,,,,,,,,,,,,,,,,,,,,,,,,,,,,,,,,,,,,,,,,,,,,,,,,,,,,,,,,,,,,,,,,,
Cumbria,53921.69163,53936.92063,53901.60379,54630.57173,55692.3984,56033.2016,57311.31787,58938.61614,59515.19316,60447.46685,61628.19629,61950.5914,63234.22245,63544.55736,64384.25819,65748.91974,65975.83064,66909.0688,67731.92916,69195.75628,71470.04433,72839.83945,74672.99913,76620.29582,77921.74962,79500.11115,81532.66941,84505.05803,88406.31917,91447.51099,96214.85798,101855.7193,107033.4773,111619.8364,117992.5724,124360.2282,130891.4277,134109.5798,138820.72,143108.8569,145985.4279,147954.7453,149853.0094,153630.4164,157342.582,159742.4637,163079.8094,165715.0994,168374.1245,171307.8122,173731.0743,173898.3569,173805.3466,170783.2638,165404.8321,163737.8053,166334.4339,167929.4798,171307.9914,173127.0104,171282.3125,171408.387,168811.4529,164974.382,162295.3982,161235.4394,161555.9958,162749.5713,164568.8651,163827.0998,162786.1443,165790.1225,165663.8119,168239.1736,170091.1786,170579.2145,172153.5516,171720.5137,172815.9921,173590.5019,175298.9419,178422.4983,177902.3419,178660.8367,,,,,,,,,,,,,,,,,,,,,,,,,,,,,,,,,,,,,,,,,,,,,,,,,,,,,,,,,,,,,,,,,,,,,,,,,,,,,,,,,,,,,,,,,,,,,,,,,,,,,,,,,,,,,,,,,,,,,,,,,,,,,,,,,,,,,,,,,,,,,,,,,,,,,,,,,,,,,,,,,,,,,,,,
Derbyshire,53653.73654,53728.12409,54195.9947,55408.70183,56012.28173,56559.69019,57580.00191,58817.79301,59843.23082,60500.06256,61143.34795,61674.10398,62691.24074,63320.05655,64604.98204,66086.35505,67399.93864,68222.27312,68922.5984,70082.17451,71519.60945,72473.00066,74918.66304,76987.47559,78665.31885,80836.72358,83521.80229,88355.23292,93303.29333,97471.57038,103502.2065,109588.9527,116855.1786,121135.1579,127128.4971,133930.8405,138884.8648,143222.0494,146327.7738,147570.49,149462.298,150025.1039,152916.994,155393.1364,157754.9223,160697.4287,162899.7732,165305.599,167293.8695,167300.7837,167065.7207,166097.7773,161733.3567,159450.342,155989.1272,155115.7528,158090.0817,159160.7139,161217.4785,162690.0803,163998.8808,163834.1852,161945.2306,158861.6669,156718.0339,157469.9418,158870.4331,161254.6244,161632.6291,160912.2136,159961.2489,161611.7607,162518.775,164222.1012,166909.732,168711.7779,170748.9315,172187.5097,175818.8351,176960.3606,180898.1394,182636.0908,182490.2029,184748.0448,,,,,,,,,,,,,,,,,,,,,,,,,,,,,,,,,,,,,,,,,,,,,,,,,,,,,,,,,,,,,,,,,,,,,,,,,,,,,,,,,,,,,,,,,,,,,,,,,,,,,,,,,,,,,,,,,,,,,,,,,,,,,,,,,,,,,,,,,,,,,,,,,,,,,,,,,,,,,,,,,,,,,,,,
Devon,66493.07745,66503.96949,66491.48597,67259.73203,68004.08603,68653.5883,70018.09904,71837.0765,73211.42319,74523.78099,76082.84516,77678.47939,78589.15417,79538.1929,81445.60382,83997.01893,87490.7474,90264.70716,93814.70118,98024.28699,101795.095,103763.5253,107732.6446,113039.8876,117198.4015,122007.7745,128654.4315,137175.4187,146065.0525,153999.9845,161617.6008,169770.3895,175927.7715,180314.3159,186860.8332,195234.5427,203373.3898,207752.4861,211233.8326,211520.7667,211133.6503,211430.8147,214151.045,218418.7928,223012.7751,226581.7441,231375.8519,237925.6526,242538.341,244793.9302,245971.3611,242913.5641,238061.5493,233528.5439,228265.0881,223786.7581,224760.1016,229631.3459,232994.0402,237506.9649,240679.9732,239525.4489,238749.6014,236749.1269,234116.2714,230985.8684,232210.3382,232697.1049,234287.7261,235427.7616,233850.4956,235336.4009,236158.6785,237270.0049,241164.6587,245346.9403,249462.0948,252801.0725,255487.736,257470.2184,259103.6822,260480.8832,260390.2767,262231.3077,,,,,,,,,,,,,,,,,,,,,,,,,,,,,,,,,,,,,,,,,,,,,,,,,,,,,,,,,,,,,,,,,,,,,,,,,,,,,,,,,,,,,,,,,,,,,,,,,,,,,,,,,,,,,,,,,,,,,,,,,,,,,,,,,,,,,,,,,,,,,,,,,,,,,,,,,,,,,,,,,,,,,,,,
Dorset,75083.81064,75190.11664,75312.54964,76299.29841,78475.12764,80119.98915,82420.81207,85104.63017,87871.352,88990.60729,91130.65082,93708.14765,95107.83641,96980.30628,99804.34993,104200.8594,108089.8413,111400.4923,115758.0621,122038.226,127378.4724,129857.5106,135511.1052,139142.8725,141923.1591,145843.4754,151909.8022,161024.6626,170522.0865,177869.4937,185328.0477,191996.3685,199531.1359,203709.9938,209120.161,217040.1539,221940.8676,226135.6546,228566.6264,227637.3114,227124.7635,227095.8452,231143.3265,235405.8592,241179.7164,246282.8892,250872.4622,258075.2112,264112.4371,267315.3585,270376.9844,267705.0328,262276.7449,255333.9471,245669.7805,241749.8398,238868.6492,244021.7962,251183.0862,258232.7756,263885.6329,262541.1131,262023.2852,260250.4484,260508.0684,260089.7884,261081.9899,261926.4591,261963.5906,263365.9611,262255.7047,264076.4784,265177.4998,265969.2684,268242.6865,271917.4157,276298.9639,279314.6188,283027.5944,287199.4068,291631.0725,295523.7386,298505.1058,301346.6742,,,,,,,,,,,,,,,,,,,,,,,,,,,,,,,,,,,,,,,,,,,,,,,,,,,,,,,,,,,,,,,,,,,,,,,,,,,,,,,,,,,,,,,,,,,,,,,,,,,,,,,,,,,,,,,,,,,,,,,,,,,,,,,,,,,,,,,,,,,,,,,,,,,,,,,,,,,,,,,,,,,,,,,,
East Sussex,70788.6276,70792.77013,70336.55062,72106.52274,73157.89009,73933.84842,76063.4672,77285.39704,79533.78853,81727.82025,83542.95631,86851.73875,87863.33913,89117.88822,91476.44693,93798.25846,97228.31882,99856.93003,103538.6182,108878.3122,113385.0911,116632.4348,119794.0716,123308.1819,126250.1352,128677.767,134203.079,143559.1898,152083.5141,158363.5035,166302.2436,171479.4643,177052.6378,182188.8662,185941.7117,191680.4619,194714.8541,197755.8527,200456.264,202368.8005,204244.125,204038.9748,207689.0798,211056.2304,214944.5386,218470.8815,222055.7888,227207.1039,233072.4989,237549.388,240805.053,241774.7587,237503.2039,234176.3848,225965.4823,225749.636,226062.2667,228885.195,235208.5918,239861.3931,248011.5735,248044.0198,246967.9659,243361.4156,238665.11,237435.3253,239797.3724,243100.171,245858.8135,248298.51,247233.3299,245857.483,245948.9542,248563.7724,251609.4403,258456.2305,262835.3363,264237.4603,266639.9891,268302.3013,273046.628,278049.742,282211.4589,288873.4683,,,,,,,,,,,,,,,,,,,,,,,,,,,,,,,,,,,,,,,,,,,,,,,,,,,,,,,,,,,,,,,,,,,,,,,,,,,,,,,,,,,,,,,,,,,,,,,,,,,,,,,,,,,,,,,,,,,,,,,,,,,,,,,,,,,,,,,,,,,,,,,,,,,,,,,,,,,,,,,,,,,,,,,,
Essex,72573.52414,72195.75916,72620.79888,73790.23989,75005.241,76577.0489,78077.74916,79661.3496,81245.2846,82443.60427,85085.84023,87594.06522,90049.15886,91111.85386,92827.23453,96341.94824,99696.72903,102844.3754,106886.1751,111240.6613,115774.7452,118384.3604,123217.2674,128066.887,131633.0415,135864.3604,141207.4961,150100.1062,159528.538,166966.1502,174371.0141,179945.1819,184327.9809,187071.2813,191347.0378,197078.2604,202270.6491,205802.2749,209108.5584,210946.0512,211342.7593,212992.4312,215530.3641,219442.1004,223525.5912,226865.8597,230345.6898,235134.7604,238161.8388,240664.0473,242855.205,240628.8705,236668.6558,230352.8674,222132.6999,220834.2026,223712.3804,229544.8036,235690.8639,242331.5649,247041.087,247172.9626,246455.039,244017.3517,243528.112,241217.7412,242810.227,243515.0145,244741.881,246627.4619,246394.1912,249758.9959,251848.4749,255568.7008,258617.6961,263404.7147,268607.6107,273033.4071,279038.5062,286695.1658,294272.7251,300932.9159,307966.9895,314500.8261,,,,,,,,,,,,,,,,,,,,,,,,,,,,,,,,,,,,,,,,,,,,,,,,,,,,,,,,,,,,,,,,,,,,,,,,,,,,,,,,,,,,,,,,,,,,,,,,,,,,,,,,,,,,,,,,,,,,,,,,,,,,,,,,,,,,,,,,,,,,,,,,,,,,,,,,,,,,,,,,,,,,,,,,
Gloucestershire,70818.90936,70301.4813,70932.38113,71826.17907,72638.98765,73908.11071,75407.66601,77501.94586,79675.62601,81213.98831,83403.08429,85065.04257,86015.48622,87671.41734,89150.56976,92368.47319,95996.74408,98492.24778,102466.7793,107191.3218,111535.7587,114512.3445,118780.6187,123579.9829,125618.5986,128552.2452,133333.0636,139302.5722,148117.0434,153734.1725,161383.3195,167773.0272,172340.5163,176949.4338,181444.627,187439.2114,192884.2709,196694.5203,199579.8698,201144.0723,202018.2501,202818.5515,205035.4441,208018.831,211703.7546,214973.705,219897.194,225614.627,230541.4532,231478.4972,232246.4528,229283.1248,223459.0384,220055.6945,213369.7013,212149.3115,212549.9209,217000.1409,222757.926,229142.8439,236034.3009,237750.047,235704.392,233063.4707,230915.6935,229398.2187,231781.0019,232793.8893,230976.7058,231158.3772,229128.0276,231526.9471,234413.2433,235310.682,239063.6992,242384.4939,245815.2481,249165.7538,252281.4232,254636.0951,259732.5222,260924.3768,264943.7109,268031.411,,,,,,,,,,,,,,,,,,,,,,,,,,,,,,,,,,,,,,,,,,,,,,,,,,,,,,,,,,,,,,,,,,,,,,,,,,,,,,,,,,,,,,,,,,,,,,,,,,,,,,,,,,,,,,,,,,,,,,,,,,,,,,,,,,,,,,,,,,,,,,,,,,,,,,,,,,,,,,,,,,,,,,,,
Hampshire,81918.8934,82171.44078,83502.07055,84623.45962,85473.85752,86595.67227,87962.48749,90202.61634,92919.06154,95473.34973,98691.9555,102309.7936,104813.0457,106732.9456,109287.3303,113070.2782,117334.8545,121123.2672,127077.7292,134252.6145,141096.3795,144663.5475,149269.115,152542.6076,155779.9844,158549.6323,164314.1574,173152.0202,181230.0664,187791.7829,193937.613,200424.4299,204185.0681,207391.6631,211099.1988,216744.1007,222501.0968,225070.3283,229539.2168,229948.7187,230043.6311,231369.6181,233432.9791,237692.4698,241252.1162,244269.7492,248713.641,255267.214,261202.9933,264858.6228,267189.2507,264630.0789,259372.9498,254424.4324,245984.7636,244162.9937,245839.1911,250561.2496,256934.298,262315.2275,267572.9891,268041.8357,270137.951,268509.3603,268273.3085,265814.1435,266477.6169,268276.3835,269978.5346,271416.571,271419.2008,271943.6701,274768.5143,277655.5415,281044.1839,287357.5158,292398.921,296241.9404,302369.5552,307673.1333,312074.809,316596.9713,321119.6315,325790.327,,,,,,,,,,,,,,,,,,,,,,,,,,,,,,,,,,,,,,,,,,,,,,,,,,,,,,,,,,,,,,,,,,,,,,,,,,,,,,,,,,,,,,,,,,,,,,,,,,,,,,,,,,,,,,,,,,,,,,,,,,,,,,,,,,,,,,,,,,,,,,,,,,,,,,,,,,,,,,,,,,,,,,,,
Hertfordshire,91105.27298,90849.1144,91728.81894,93470.95943,95061.98233,96405.24196,98755.45461,101518.1194,105667.8554,109089.9572,113692.2617,118254.7926,120835.1922,122369.4021,124163.4937,129243.4802,133476.2182,138252.1643,144711.8564,150524.1366,156958.8628,161245.0618,165860.5667,170474.9525,173453.4832,176840.2649,183170.2803,192311.9197,201281.4861,208930.9594,216671.5657,221704.8627,226636.6501,229678.2662,233282.2464,239121.1506,242935.6661,246053.1394,249875.3568,253291.7134,256648.9623,258006.7071,261581.6267,267737.1765,272417.8989,278128.7564,283054.9225,289683.548,294815.4169,297766.4163,302507.6559,300273.2561,297486.9581,293704.5708,284145.5372,282905.8114,287866.6187,292116.987,298564.6818,310435.5763,318117.522,320290.7962,322027.8943,317149.3277,313073.7485,310873.0673,315053.637,318785.1459,322985.5441,327734.4188,326871.6792,328255.7923,333760.0585,337159.3785,344751.1245,354483.2346,363034.3199,370631.4304,377321.3763,387077.2633,398103.7177,407579.0831,416783.6712,428638.8538,,,,,,,,,,,,,,,,,,,,,,,,,,,,,,,,,,,,,,,,,,,,,,,,,,,,,,,,,,,,,,,,,,,,,,,,,,,,,,,,,,,,,,,,,,,,,,,,,,,,,,,,,,,,,,,,,,,,,,,,,,,,,,,,,,,,,,,,,,,,,,,,,,,,,,,,,,,,,,,,,,,,,,,,
Kent,71226.80686,71635.76212,72368.96197,73702.6506,75169.0075,76366.89992,78454.65534,80283.81264,81960.87621,83705.13634,85930.3522,88408.55523,90334.33194,90457.24688,92055.82944,95181.32279,98188.26244,102312.4552,106804.2474,110628.5472,115149.3011,118074.1444,122027.8688,127099.8326,130390.6184,133288.0078,137620.9499,145036.7908,152471.1615,157915.8245,164068.8936,168511.633,174591.0435,178530.1398,184758.0643,192533.3941,196617.283,200497.5176,201568.2178,202417.6718,204082.6019,205298.3205,209328.311,213140.9084,217911.3144,221229.5211,224500.1267,228727.5341,231834.5263,234403.889,237116.8425,236939.1648,232936.5217,227244.8524,218974.8002,216921.7842,218759.1772,225380.6596,231623.2578,238213.263,242337.8759,241292.488,239885.2491,236780.7111,235018.147,232852.7245,233056.0825,236229.878,238847.2368,241520.3662,242956.173,243386.7036,245873.4529,247279.0834,250736.4615,256310.9417,261757.9163,266362.7922,270689.6745,276278.0422,282478.2311,288739.943,293923.9935,299492.2939,,,,,,,,,,,,,,,,,,,,,,,,,,,,,,,,,,,,,,,,,,,,,,,,,,,,,,,,,,,,,,,,,,,,,,,,,,,,,,,,,,,,,,,,,,,,,,,,,,,,,,,,,,,,,,,,,,,,,,,,,,,,,,,,,,,,,,,,,,,,,,,,,,,,,,,,,,,,,,,,,,,,,,,,
Lancashire,50749.40209,50628.79301,50883.86029,51758.47733,52934.18688,53935.431,55145.89769,56064.26729,56866.62419,56950.46319,57424.06275,58079.03495,58807.47479,59606.06597,60442.26455,61633.00557,63192.46608,63674.95516,64543.79609,65126.31225,65215.89878,65981.28455,67371.75489,69373.7719,70968.36582,72557.93081,74528.74848,77366.59315,80551.24189,82597.645,86493.27868,91761.00313,98534.77934,102438.1969,108526.9482,113275.6814,117051.5982,120966.924,122621.4879,124433.6911,126895.1456,128539.3725,132423.3999,137071.6108,140634.6252,143762.9844,146564.9925,149485.4161,152246.6706,153655.3818,154903.2837,153859.8158,152450.3347,151726.6244,149715.3372,149247.8736,150320.5066,150712.069,152699.4438,153980.7457,152560.9392,151740.4207,149673.5439,148775.0537,148031.9924,148644.0237,148519.1947,147398.9537,148290.4336,149453.1477,150694.3262,152280.5023,153345.8985,152946.6065,154348.6557,156379.0999,157922.1227,159571.2843,160765.8263,161627.9438,163349.6036,164563.0968,165495.3857,164856.2593,,,,,,,,,,,,,,,,,,,,,,,,,,,,,,,,,,,,,,,,,,,,,,,,,,,,,,,,,,,,,,,,,,,,,,,,,,,,,,,,,,,,,,,,,,,,,,,,,,,,,,,,,,,,,,,,,,,,,,,,,,,,,,,,,,,,,,,,,,,,,,,,,,,,,,,,,,,,,,,,,,,,,,,,
Leicestershire,62328.34744,62505.87535,62475.71928,63199.62811,63969.71654,64434.73306,65791.71329,66932.53464,68406.55317,69482.66372,70960.04954,72908.6169,73593.11149,74600.98462,76132.59979,78349.22049,80591.68905,82472.27839,84188.09338,85520.24764,87817.82185,89127.81989,92496.44411,95342.33996,98485.91897,100824.7149,105284.041,112427.0617,119717.9062,125333.4784,133217.2118,140284.2358,146858.3562,150972.2285,155758.1064,161692.1021,165889.8795,169927.3233,174420.3364,176634.0226,177045.3529,176624.226,177133.423,179163.2332,181675.9057,184543.432,188682.0172,191654.5453,194369.4915,195528.6509,194511.1353,190755.7144,184183.6087,179382.1229,174314.5742,172395.0091,174054.4307,178863.7564,182964.0866,187207.2293,190024.0925,187753.4855,185671.7013,186002.9666,186050.4351,184687.3864,184452.8629,182324.4754,183845.2001,185824.6026,187325.4147,189049.6217,190146.4996,191973.229,195806.6646,200586.1344,204049.7764,205941.8245,209518.4177,211234.9892,214254.4925,216800.8243,218360.7283,220275.9939,,,,,,,,,,,,,,,,,,,,,,,,,,,,,,,,,,,,,,,,,,,,,,,,,,,,,,,,,,,,,,,,,,,,,,,,,,,,,,,,,,,,,,,,,,,,,,,,,,,,,,,,,,,,,,,,,,,,,,,,,,,,,,,,,,,,,,,,,,,,,,,,,,,,,,,,,,,,,,,,,,,,,,,,
Lincolnshire,50586.79372,50672.44514,50725.93935,51154.33563,51658.00942,52170.77535,53335.99952,54175.77361,55322.35474,56149.45582,56926.92854,57954.15287,58618.02404,59045.17937,59431.76495,60820.77612,62141.80065,63392.12936,65502.42547,67366.80916,69683.22808,71037.71034,73501.87323,76040.90149,77989.75793,80413.44739,84268.41282,89716.09069,96190.03335,101445.3832,108097.4724,114157.2598,119922.0744,123673.2721,129073.6669,135628.2126,140691.1144,144409.1075,147334.6078,148061.1973,148628.8002,148724.9849,149772.103,152022.1568,154255.6913,156444.8112,159049.9784,161177.0186,163695.3286,164698.6675,164582.7898,163661.6309,158628.7748,156155.3224,151029.4523,147931.6871,149342.8984,150612.1993,153644.1303,155948.2042,157266.9334,156309.8756,154742.6294,153803.1552,152403.2243,152981.2409,153613.7392,153130.2425,153485.4309,153080.8204,152679.7917,154078.8862,156496.3604,158256.9556,160698.2788,163669.9861,166024.1799,167537.8181,170117.5143,173164.9116,175830.3063,177963.252,179923.9838,181594.7776,,,,,,,,,,,,,,,,,,,,,,,,,,,,,,,,,,,,,,,,,,,,,,,,,,,,,,,,,,,,,,,,,,,,,,,,,,,,,,,,,,,,,,,,,,,,,,,,,,,,,,,,,,,,,,,,,,,,,,,,,,,,,,,,,,,,,,,,,,,,,,,,,,,,,,,,,,,,,,,,,,,,,,,,
Norfolk,55062.14308,54696.50528,54846.38409,55164.30517,55879.98977,56658.78797,57587.45094,58888.68956,59907.2942,60538.07778,61804.73494,64152.52412,64967.89143,65921.02474,66679.2368,67516.75143,70098.33207,71664.62766,74563.75004,77891.00455,81055.9699,83543.2813,87121.46212,91063.79659,95622.86473,99254.78716,104483.029,112065.6046,118712.3976,123938.5662,130146.4911,135193.544,139860.1254,142792.1057,147708.238,153596.2135,158713.3014,162662.9556,165284.9031,166482.3388,166756.8923,167008.4338,168505.8347,172219.6908,177079.4177,180343.0349,185123.8508,188972.2241,190746.7706,192470.0505,192543.1994,189500.0373,185516.7217,182206.7268,176595.0951,174992.0055,175407.6181,177666.6997,181964.8522,186040.559,189628.2124,188018.4961,185604.8083,183431.7457,182710.5446,182064.5258,182595.0911,182098.0895,182981.8678,185655.5328,186480.2276,189493.6157,191137.3905,191550.2976,195408.4969,199257.1055,202397.2983,205580.7132,207508.959,210526.5798,214141.3791,216826.1211,220601.7179,223927.4548,,,,,,,,,,,,,,,,,,,,,,,,,,,,,,,,,,,,,,,,,,,,,,,,,,,,,,,,,,,,,,,,,,,,,,,,,,,,,,,,,,,,,,,,,,,,,,,,,,,,,,,,,,,,,,,,,,,,,,,,,,,,,,,,,,,,,,,,,,,,,,,,,,,,,,,,,,,,,,,,,,,,,,,,
Northamptonshire,57090.48342,57115.01001,57888.9212,58577.56481,59707.08779,60977.21139,61979.97464,64131.75012,65845.02721,67334.41359,70017.98354,71749.30217,72894.41741,73210.74429,74185.58045,76197.00382,79519.90499,81732.63302,84548.25796,87867.14424,89998.78513,92104.8161,96196.34965,99208.41435,101926.586,104128.8818,108259.9812,112643.419,118515.8032,123074.8066,128248.7021,135020.9772,140787.4054,144005.9346,147440.4321,151353.5955,154782.8203,158287.474,160706.2931,161662.9185,161938.4157,161963.2621,165058.5676,166969.7301,169503.7585,172117.7428,174623.3842,178768.2138,181605.6321,183189.667,183240.8746,181229.5191,178184.8598,175518.1854,170940.0037,169074.3744,171035.512,173207.7793,177348.6014,179982.5658,179567.5629,179343.1175,178096.8015,176845.1442,178373.2867,178158.2069,179143.2608,179867.3325,179283.4,181055.0226,181675.1788,182647.3635,185478.1329,186972.1401,190798.1217,194517.7216,197366.6925,199886.1437,203492.9325,209073.2413,214835.2604,216736.7023,219252.8728,221549.8374,,,,,,,,,,,,,,,,,,,,,,,,,,,,,,,,,,,,,,,,,,,,,,,,,,,,,,,,,,,,,,,,,,,,,,,,,,,,,,,,,,,,,,,,,,,,,,,,,,,,,,,,,,,,,,,,,,,,,,,,,,,,,,,,,,,,,,,,,,,,,,,,,,,,,,,,,,,,,,,,,,,,,,,,
North Yorkshire,69376.63769,69493.1126,70049.73447,71066.56935,72253.77351,72693.05644,74311.50004,75322.69814,76271.22364,77155.28444,77440.87531,78665.53193,78686.66802,79135.77179,80112.52018,82995.79112,85377.19972,87107.29916,89261.75682,90806.68766,93537.99336,94978.78828,98426.3277,101500.3287,103501.5662,106484.4215,111594.0984,119064.0024,126846.4145,133301.5482,139832.9203,147169.7793,154064.4429,158844.2391,168035.784,177694.1867,186029.4525,190710.8499,194053.1485,195482.09,197210.6987,198967.5111,202566.2532,205763.6231,209764.0629,212068.5168,214588.5355,219854.6961,222381.3191,224806.2795,227578.7998,223200.8524,220181.1878,215506.8853,206638.6991,206842.0395,209264.0296,213758.4897,219074.7155,221663.9873,222804.5525,221735.0166,220419.2533,219354.5177,218078.5473,216669.036,217276.485,216310.6461,216001.4549,216163.4363,214763.7755,215216.3004,216367.9229,216173.2548,218172.8806,219531.6967,221461.2286,223359.5207,224799.7646,229443.6779,233178.7968,234204.9465,237974.6102,238524.0807,,,,,,,,,,,,,,,,,,,,,,,,,,,,,,,,,,,,,,,,,,,,,,,,,,,,,,,,,,,,,,,,,,,,,,,,,,,,,,,,,,,,,,,,,,,,,,,,,,,,,,,,,,,,,,,,,,,,,,,,,,,,,,,,,,,,,,,,,,,,,,,,,,,,,,,,,,,,,,,,,,,,,,,,
Nottinghamshire,54077.93243,54155.06016,54522.36061,55786.3237,56891.78875,57443.27109,58218.73158,59026.214,59615.80567,60523.6927,61382.45961,62405.43585,63043.88439,63963.40738,65512.89877,67482.02609,69669.74164,70596.14253,72027.23035,73648.92095,75079.91088,76021.07698,78146.94841,80061.56457,81952.7886,84095.87684,87373.28017,92093.77818,98841.01705,103199.2739,109055.943,114933.7951,120383.3061,124779.0584,130246.7696,135884.898,140467.5477,144275.3748,146678.8717,148368.2824,148723.3887,148609.3427,149781.6434,152349.8744,154571.4568,156419.2258,159560.4125,160572.3175,160710.4907,161169.0421,159370.6792,156583.8034,153582.5514,151539.6617,149958.6587,150888.8323,155173.8191,156928.1864,158532.9075,159899.2929,159383.1732,158030.5447,157489.2475,157011.1497,156515.9968,156781.6347,156468.5387,156050.2356,155872.2993,156225.768,157703.9569,158748.5517,159829.873,160444.8376,161845.3261,164136.1306,166472.3251,168197.4175,170386.5104,173918.6443,177746.1286,178747.3507,180516.4974,182655.9132,,,,,,,,,,,,,,,,,,,,,,,,,,,,,,,,,,,,,,,,,,,,,,,,,,,,,,,,,,,,,,,,,,,,,,,,,,,,,,,,,,,,,,,,,,,,,,,,,,,,,,,,,,,,,,,,,,,,,,,,,,,,,,,,,,,,,,,,,,,,,,,,,,,,,,,,,,,,,,,,,,,,,,,,
Oxfordshire,89206.83746,89139.88346,89384.38038,91405.29001,91909.02718,92638.71785,94572.93022,97747.48555,100786.9061,103700.5312,107705.6282,112126.7642,114770.7619,117671.5619,121017.1301,125783.3188,130345.0368,135021.0065,141246.5777,149830.4059,158666.1474,161699.4086,166671.0849,170228.9099,172618.0211,176562.1727,183464.4382,193866.6115,201214.3716,207939.2476,215457.6238,220270.1802,225294.883,228390.9015,231877.6768,237469.4265,241023.8465,244041.8443,244128.7018,244624.3558,245050.9848,246837.8533,252286.9429,259871.0532,267810.8438,270544.1177,275427.9254,282895.6718,288676.2869,293811.5326,299060.4963,298431.8707,292417.8921,288226.0904,281566.1593,272626.2662,271931.7783,280531.3671,287438.5869,302268.8106,311391.6061,310620.37,310905.9177,308352.2947,307312.8661,306412.3292,311781.4063,313055.2377,318452.5535,318346.9046,316910.3601,321787.3072,321629.3047,325135.1264,328394.2839,336953.8169,345895.0823,351159.5818,358879.7408,366753.3912,374295.5915,380845.6034,386203.952,389378.1644,,,,,,,,,,,,,,,,,,,,,,,,,,,,,,,,,,,,,,,,,,,,,,,,,,,,,,,,,,,,,,,,,,,,,,,,,,,,,,,,,,,,,,,,,,,,,,,,,,,,,,,,,,,,,,,,,,,,,,,,,,,,,,,,,,,,,,,,,,,,,,,,,,,,,,,,,,,,,,,,,,,,,,,,
Somerset,62889.96563,63028.73121,63108.55672,65135.22784,66357.52954,67258.94505,68499.84904,69519.10669,70907.29315,72215.71622,74161.61759,76002.72791,77117.86495,77565.53684,79331.93756,82258.74588,86084.81217,89420.15851,92663.31384,97124.32776,99674.5201,101165.0618,103513.8853,106683.1947,110730.3817,114358.5405,120820.9794,128598.7829,135376.3868,140899.4685,146928.754,153659.5064,159224.0303,163586.1415,169510.0639,175741.5617,182981.4065,187081.3733,189669.638,188969.0849,186902.8605,185851.1967,187346.5061,191885.3909,197276.0607,201685.32,207576.9824,213273.8078,216788.65,220106.7369,220649.0779,217449.1785,211463.0229,204051.6154,196170.403,194849.7534,197192.082,199923.4403,205562.4908,208728.0529,210985.2765,210486.6796,208393.272,206409.8509,206449.858,205322.2901,206287.511,206273.4343,207643.6261,210109.3211,209237.722,212094.6006,210129.4808,210431.1427,213458.5947,216548.0173,218966.1426,221002.4751,222318.2134,223054.6393,225094.3439,226101.36,230256.1652,233613.4286,,,,,,,,,,,,,,,,,,,,,,,,,,,,,,,,,,,,,,,,,,,,,,,,,,,,,,,,,,,,,,,,,,,,,,,,,,,,,,,,,,,,,,,,,,,,,,,,,,,,,,,,,,,,,,,,,,,,,,,,,,,,,,,,,,,,,,,,,,,,,,,,,,,,,,,,,,,,,,,,,,,,,,,,
Staffordshire,58556.49904,58767.48255,58821.07745,59948.95302,60966.21128,62005.6697,63452.31074,65019.16986,65500.26383,65977.64824,66831.24372,67752.65309,69293.56603,70299.76445,71678.83321,73169.50539,75071.6349,76809.08276,78039.76786,79593.04768,81091.73037,81714.27713,84663.16226,87222.62972,90077.69885,92654.63238,96125.08658,102095.4352,107620.139,111753.7201,117575.885,122356.4304,128624.7756,132893.7378,138420.38,144916.951,149920.7146,154052.7258,157441.6015,158846.8909,160431.752,161324.0622,163709.0214,166586.9064,169243.5682,170891.4084,173033.6809,175230.416,176959.4436,178619.6886,178684.7538,178356.5413,175321.399,171990.9463,168291.7932,165837.7375,166870.3266,168934.9595,171134.1865,172661.2523,175586.0048,173992.0106,172469.1403,170762.6576,168710.4103,168970.018,168429.7604,170124.7488,170283.3779,170866.5715,171497.4151,172076.5614,172899.9691,173409.9142,175050.4512,178540.7468,181384.6924,183559.2959,187229.6043,189532.087,191889.9891,192296.8682,194119.6165,195155.1328,,,,,,,,,,,,,,,,,,,,,,,,,,,,,,,,,,,,,,,,,,,,,,,,,,,,,,,,,,,,,,,,,,,,,,,,,,,,,,,,,,,,,,,,,,,,,,,,,,,,,,,,,,,,,,,,,,,,,,,,,,,,,,,,,,,,,,,,,,,,,,,,,,,,,,,,,,,,,,,,,,,,,,,,
Suffolk,60504.6065,60580.31624,60513.15792,60952.59033,61749.08223,62561.54918,64235.70686,66214.02144,67920.76048,68756.05453,70323.70669,71943.77092,72726.01248,74100.39362,75183.16794,77122.27335,80575.8631,82384.66934,85842.13869,89787.46457,92448.20549,94751.25254,97657.65438,101522.056,105571.9136,109430.4284,115550.7729,123059.2476,129664.1342,134540.4392,139572.1157,143988.6628,148440.7325,151885.4176,157410.5243,164748.4252,170801.9058,174688.9689,177613.89,177511.7123,177587.1143,177464.8136,178829.7351,183635.7108,188436.7803,192027.0963,196438.0775,199934.7161,202863.475,205655.0974,207344.291,205179.0868,200181.6225,193928.3251,187086.5113,184717.7955,185083.0345,190471.4885,195944.3845,201351.6468,205682.8192,204009.5661,203228.5347,202156.5654,201036.4091,200122.2134,200432.9731,200181.3125,201618.9507,202535.0316,202556.8985,203481.3167,206787.1074,207278.106,210636.9993,216932.7919,219717.4849,224874.9912,229657.7216,232780.4305,236428.2346,237489.1093,240025.7776,242787.3563,,,,,,,,,,,,,,,,,,,,,,,,,,,,,,,,,,,,,,,,,,,,,,,,,,,,,,,,,,,,,,,,,,,,,,,,,,,,,,,,,,,,,,,,,,,,,,,,,,,,,,,,,,,,,,,,,,,,,,,,,,,,,,,,,,,,,,,,,,,,,,,,,,,,,,,,,,,,,,,,,,,,,,,,
Surrey,114066.3274,114573.8128,115667.2766,117026.6841,119018.6942,120957.2095,124177.6444,129040.3987,133050.1631,137187.6303,142207.7701,148148.4519,153126.0487,155148.6273,160483.3374,168231.2466,174844.7812,181427.3469,190015.5107,199857.1642,207702.6583,211600.3041,216981.6531,221124.1833,224673.4171,228740.7646,235429.4674,245657.9773,254826.6675,261110.9086,266222.9356,270281.0279,273739.0055,276849.0867,285131.8051,291823.7474,297999.6466,301863.2208,301718.4482,305554.7019,308004.9122,311686.3054,318927.7665,326116.5002,333707.9982,341281.7201,349785.0248,362990.5325,371107.5549,377540.5212,380648.4939,375053.0084,370259.3328,359414.2035,348483.7953,344612.0753,351885.9961,360268.657,374302.2623,389905.2903,397118.647,401241.7186,397533.0546,395139.7027,393800.7412,386070.6292,393271.4268,395926.6082,400197.064,410348.4475,411065.6755,415007.1583,417760.14,420969.6136,427355.2838,439806.557,450388.944,455815.4575,460341.0168,465307.3112,475471.6338,484059.1353,491489.0897,498436.1335,,,,,,,,,,,,,,,,,,,,,,,,,,,,,,,,,,,,,,,,,,,,,,,,,,,,,,,,,,,,,,,,,,,,,,,,,,,,,,,,,,,,,,,,,,,,,,,,,,,,,,,,,,,,,,,,,,,,,,,,,,,,,,,,,,,,,,,,,,,,,,,,,,,,,,,,,,,,,,,,,,,,,,,,
Warwickshire,70715.22551,71299.24124,71400.10775,72317.20201,73609.56652,74660.91123,76681.22754,77970.97955,79786.46984,81539.04625,82974.19343,85635.33968,87342.30722,88378.38695,91418.02296,95113.98218,98310.12178,100191.7157,102520.1808,104873.0272,108211.4373,110832.6443,114477.864,117642.1257,120637.341,123253.5393,129224.6743,136139.0352,142770.4898,148313.0528,153857.4545,158378.9974,162787.0912,166351.1137,171454.471,180039.8271,185655.6626,189309.4424,193250.2735,192364.9091,191662.9964,190957.3753,193080.3858,197067.8986,201583.8964,204476.1465,206550.9319,207863.404,209455.5854,210828.0011,212080.1955,210946.0819,207238.5289,204755.4005,198471.8183,200948.393,201405.7086,207680.5174,211569.4103,214896.0709,220154.9278,216321.3641,216712.8432,214040.5365,211976.4999,214206.0215,217048.7706,217607.4986,218474.0997,218657.7622,217727.9962,221164.3639,224754.3809,227302.9861,230947.0766,235057.4953,240670.3837,243150.4293,246385.223,248701.5616,251774.6303,254721.457,259348.6639,263159.1322,,,,,,,,,,,,,,,,,,,,,,,,,,,,,,,,,,,,,,,,,,,,,,,,,,,,,,,,,,,,,,,,,,,,,,,,,,,,,,,,,,,,,,,,,,,,,,,,,,,,,,,,,,,,,,,,,,,,,,,,,,,,,,,,,,,,,,,,,,,,,,,,,,,,,,,,,,,,,,,,,,,,,,,,
West Sussex,77912.30738,78215.96325,78425.08974,79383.35424,80707.23789,82057.71636,84039.39936,86681.83823,89652.14444,92084.69702,95429.91785,98874.59015,100660.2237,101922.4653,103559.6586,107164.7183,111886.1187,116385.6944,123046.3522,128860.7182,133838.0774,136207.11,140330.9793,145542.1456,149487.481,153322.9494,158914.5485,167132.1516,175807.1601,182195.1169,189343.6962,197016.2188,201978.3656,205500.6122,209494.4706,214955.8829,219642.3061,222427.6229,225791.0907,225131.9965,224839.6857,225143.3596,227459.7022,234243.18,239479.3942,244622.2594,250336.2625,256040.1358,261036.2229,264927.8587,267755.2982,265950.9413,261919.1701,254015.6897,244395.1455,241833.8326,242918.4637,249208.9076,255024.5281,263933.9842,271672.1076,273251.833,273973.6811,271306.4393,268245.1386,264542.0915,265689.7319,268358.9056,271808.5244,276172.9324,276501.1893,278851.6088,282066.9841,284968.5869,289966.6593,297469.8553,303462.6808,308183.2049,313113.1618,317469.9774,324293.7121,330020.5979,336461.3183,341929.8698,,,,,,,,,,,,,,,,,,,,,,,,,,,,,,,,,,,,,,,,,,,,,,,,,,,,,,,,,,,,,,,,,,,,,,,,,,,,,,,,,,,,,,,,,,,,,,,,,,,,,,,,,,,,,,,,,,,,,,,,,,,,,,,,,,,,,,,,,,,,,,,,,,,,,,,,,,,,,,,,,,,,,,,,
Worcestershire,69860.1171,70149.97847,70399.74931,70977.05957,71369.0342,72165.28426,74266.92299,76293.63886,77956.16693,79335.72369,80572.83264,81993.16456,83760.37796,85258.24513,87405.20332,90443.57563,93751.97802,96060.70151,99263.99316,102805.3526,105824.3164,108050.3768,111640.1475,115811.3854,119173.0568,122032.869,125587.9751,131638.5842,138235.1286,143343.0593,149778.1694,156191.2576,161731.148,164738.8552,171304.3988,179413.7377,184821.9463,188794.0721,191247.2246,190554.2546,190534.1032,190826.2324,192203.556,196030.3861,200311.6952,202710.336,206620.2958,210173.073,213326.54,216193.1926,216613.1772,213267.4379,207641.5446,203168.056,197555.0875,195291.235,194745.4791,198149.1132,201627.1521,206718.5795,211519.7254,210291.7971,210352.626,207369.209,206311.5683,205387.2186,204081.3069,204751.1331,204260.7996,205148.3467,204171.307,204344.8193,206212.8947,207673.537,213969.5311,217069.9368,221234.823,224431.6884,225426.4983,229556.1797,232687.3497,233383.4034,236481.6292,239507.1638,,,,,,,,,,,,,,,,,,,,,,,,,,,,,,,,,,,,,,,,,,,,,,,,,,,,,,,,,,,,,,,,,,,,,,,,,,,,,,,,,,,,,,,,,,,,,,,,,,,,,,,,,,,,,,,,,,,,,,,,,,,,,,,,,,,,,,,,,,,,,,,,,,,,,,,,,,,,,,,,,,,,,,,,
